{
 "schema": "crewborg-suspicion-weights/v1",
 "feature_set": "runtime",
 "trained": "2026-06-26",
 "dataset": "suspicion_lab/dataset/dataset.parquet",
 "games": 264118,
 "rows": 27670733,
 "C": 1.0,
 "cv_auc": 0.8109669200759004,
 "cv_log_loss": 0.46666499514272947,
 "intercept": 0.11656770785092574,
 "linear_clip": 5,
 "sample_unit_ticks": 24,
 "bin_spec": {
  "follow_death_samples": [
   2,
   6
  ],
  "tail_obs_samples": [
   5,
   20
  ],
  "tail_obs_max_run": [
   3,
   8
  ],
  "copresence_killrange_samples": [
   5,
   20
  ],
  "task_site_dwell_samples": [
   5,
   20
  ],
  "observed_samples": [
   10,
   40
  ]
 },
 "coefficients": {
  "witnessed_kills": 10.129240821119895,
  "near_body_bodies": 0.5210769488234477,
  "follow_death_samples__0to2": 1.4130679066698975,
  "follow_death_samples__2to6": 1.9268615954431016,
  "follow_death_samples__gt6": 1.6290367556205778,
  "tail_obs_samples__0to5": -0.2818400052445851,
  "tail_obs_samples__5to20": -0.11149766141998005,
  "tail_obs_samples__gt20": 0.3494962252095367,
  "tail_obs_max_run__0to3": -0.4145145334098789,
  "tail_obs_max_run__3to8": -0.3694042416087289,
  "tail_obs_max_run__gt8": -0.3660280883011392,
  "vent_visits": 0.22434446458580937,
  "copresence_killrange_samples__0to5": -0.0017148801391186934,
  "copresence_killrange_samples__5to20": 0.21792757629136505,
  "copresence_killrange_samples__gt20": 0.7695681187662181,
  "task_site_dwell_samples__0to5": -0.30952132848901914,
  "task_site_dwell_samples__5to20": -0.501807356479457,
  "task_site_dwell_samples__gt20": 0.8471767985273276,
  "observed_samples__0to10": -0.384991549606366,
  "observed_samples__10to40": 0.18336905032697015,
  "observed_samples__gt40": 0.7439537532050499,
  "tasks_completed_watched": -15.072271373265023,
  "accusations_made": 1.0312964294007856,
  "times_accused": -0.5583524783002706,
  "times_defended": 0.0,
  "votes_cast": -0.0820417305098293,
  "votes_skipped": -0.22527873057305217,
  "voted_against_observer": 0.614108389201368,
  "vote_agreement_with_observer": 0.34167068103533704,
  "reported_bodies": -0.10777622709100251,
  "button_calls_made": -1.2997650725195138
 }
}