{
 "schema": "crewborg-suspicion-weights/v1",
 "feature_set": "runtime",
 "trained": "2026-06-30",
 "dataset": "/Users/jamesboggs/coding/personal_labs/crewrift_lab/suspicion_lab/dataset/dataset.parquet",
 "games": 264118,
 "rows": 27670733,
 "C": 1.0,
 "cv_auc": 0.8109689629932723,
 "cv_log_loss": 0.4666636525237914,
 "intercept": -0.19347738969640582,
 "linear_clip": 5,
 "sample_unit_ticks": 24,
 "bin_spec": {
  "follow_death_samples": [
   2,
   6
  ],
  "tail_obs_samples": [
   5,
   20
  ],
  "tail_obs_max_run": [
   3,
   8
  ],
  "copresence_killrange_samples": [
   5,
   20
  ],
  "task_site_dwell_samples": [
   5,
   20
  ],
  "observed_samples": [
   10,
   40
  ]
 },
 "coefficients": {
  "witnessed_kills": 10.12928126421876,
  "near_body_bodies": 0.5210784785274021,
  "follow_death_samples__0to2": 1.4130368033284408,
  "follow_death_samples__2to6": 1.9268786683157046,
  "follow_death_samples__gt6": 1.6290123384340476,
  "tail_obs_samples__0to5": -0.5031558941946576,
  "tail_obs_samples__5to20": -0.33289707970971527,
  "tail_obs_samples__gt20": 0.12794725736287643,
  "tail_obs_max_run__0to3": 0.18759099672852173,
  "tail_obs_max_run__3to8": 0.23269853841840332,
  "tail_obs_max_run__gt8": 0.23609943551991874,
  "vent_visits": 0.22430728811988934,
  "copresence_killrange_samples__0to5": -0.0017282964187174156,
  "copresence_killrange_samples__5to20": 0.21796499747497733,
  "copresence_killrange_samples__gt20": 0.7695401924247355,
  "task_site_dwell_samples__0to5": -0.3095722645040372,
  "task_site_dwell_samples__5to20": -0.5018583899836743,
  "task_site_dwell_samples__gt20": 0.8470653997251999,
  "observed_samples__0to10": -0.45566997248781194,
  "observed_samples__10to40": 0.11279905389979825,
  "observed_samples__gt40": 0.6736723795644255,
  "tasks_completed_watched": -15.232171109710144,
  "accusations_made": 1.0312998907004374,
  "times_accused": -0.5583745286764191,
  "times_defended": 0.0,
  "votes_cast": -0.08205964048688431,
  "votes_skipped": -0.22530333847645997,
  "voted_against_observer": 0.6141183047551754,
  "vote_agreement_with_observer": 0.34170275729788036,
  "reported_bodies": -0.10773411259365885,
  "button_calls_made": -1.2997416911953348
 }
}